ECID,CID,Company Name,Description
E0,C0,Policy Vendor 0,Insurance policy software
E1,C1,Policy Vendor 1,Insurance policy software
E2,C2,Policy Vendor 2,Insurance policy software
E3,C3,Policy Vendor 3,Insurance policy software
E4,C4,Policy Vendor 4,Insurance policy software
E5,C5,Policy Vendor 5,Insurance policy software
E6,C6,Policy Vendor 6,Insurance policy software
E7,C7,Policy Vendor 7,Insurance policy software
E8,C8,Policy Vendor 8,Insurance policy software
E9,C9,Policy Vendor 9,Insurance policy software
E10,C10,Policy Vendor 10,Insurance policy software
E11,C11,Policy Vendor 11,Insurance policy software
E12,C12,Policy Vendor 12,Insurance policy software
E13,C13,Policy Vendor 13,Insurance policy software
E14,C14,Policy Vendor 14,Insurance policy software
E15,C15,Policy Vendor 15,Insurance policy software
E16,C16,Policy Vendor 16,Insurance policy software
E17,C17,Policy Vendor 17,Insurance policy software
E18,C18,Policy Vendor 18,Insurance policy software
E19,C19,Policy Vendor 19,Insurance policy software
E20,C20,Policy Vendor 20,Insurance policy software
E21,C21,Policy Vendor 21,Insurance policy software
E22,C22,Policy Vendor 22,Insurance policy software
E23,C23,Policy Vendor 23,Insurance policy software
E24,C24,Policy Vendor 24,Insurance policy software
E25,C25,Policy Vendor 25,Insurance policy software
E26,C26,Policy Vendor 26,Insurance policy software
E27,C27,Policy Vendor 27,Insurance policy software
E28,C28,Policy Vendor 28,Insurance policy software
E29,C29,Policy Vendor 29,Insurance policy software
E30,C30,Policy Vendor 30,Insurance policy software
E31,C31,Policy Vendor 31,Insurance policy software
E32,C32,Policy Vendor 32,Insurance policy software
E33,C33,Policy Vendor 33,Insurance policy software
E34,C34,Policy Vendor 34,Insurance policy software
E35,C35,Policy Vendor 35,Insurance policy software
E36,C36,Policy Vendor 36,Insurance policy software
E37,C37,Policy Vendor 37,Insurance policy software
E38,C38,Policy Vendor 38,Insurance policy software
E39,C39,Policy Vendor 39,Insurance policy software
E40,C40,Policy Vendor 40,Insurance policy software
E41,C41,Policy Vendor 41,Insurance policy software
E42,C42,Policy Vendor 42,Insurance policy software
E43,C43,Policy Vendor 43,Insurance policy software
E44,C44,Policy Vendor 44,Insurance policy software
E45,C45,Policy Vendor 45,Insurance policy software
E46,C46,Policy Vendor 46,Insurance policy software
E47,C47,Policy Vendor 47,Insurance policy software
E48,C48,Policy Vendor 48,Insurance policy software
E49,C49,Policy Vendor 49,Insurance policy software
E50,C50,Policy Vendor 50,Insurance policy software
E51,C51,Policy Vendor 51,Insurance policy software
E52,C52,Policy Vendor 52,Insurance policy software
E53,C53,Policy Vendor 53,Insurance policy software
E54,C54,Policy Vendor 54,Insurance policy software
E55,C55,Policy Vendor 55,Insurance policy software
E56,C56,Policy Vendor 56,Insurance policy software
E57,C57,Policy Vendor 57,Insurance policy software
E58,C58,Policy Vendor 58,Insurance policy software
E59,C59,Policy Vendor 59,Insurance policy software
E60,C60,Policy Vendor 60,Insurance policy software
E61,C61,Policy Vendor 61,Insurance policy software
E62,C62,Policy Vendor 62,Insurance policy software
E63,C63,Policy Vendor 63,Insurance policy software
E64,C64,Policy Vendor 64,Insurance policy software
E65,C65,Policy Vendor 65,Insurance policy software
E66,C66,Policy Vendor 66,Insurance policy software
E67,C67,Policy Vendor 67,Insurance policy software
E68,C68,Policy Vendor 68,Insurance policy software
E69,C69,Policy Vendor 69,Insurance policy software
E70,C70,Policy Vendor 70,Insurance policy software
E71,C71,Policy Vendor 71,Insurance policy software
E72,C72,Policy Vendor 72,Insurance policy software
E73,C73,Policy Vendor 73,Insurance policy software
E74,C74,Policy Vendor 74,Insurance policy software
E75,C75,Policy Vendor 75,Insurance policy software
E76,C76,Policy Vendor 76,Insurance policy software
E77,C77,Policy Vendor 77,Insurance policy software
E78,C78,Policy Vendor 78,Insurance policy software
E79,C79,Policy Vendor 79,Insurance policy software
E80,C80,Policy Vendor 80,Insurance policy software
E81,C81,Policy Vendor 81,Insurance policy software
E82,C82,Policy Vendor 82,Insurance policy software
E83,C83,Policy Vendor 83,Insurance policy software
E84,C84,Policy Vendor 84,Insurance policy software
E85,C85,Policy Vendor 85,Insurance policy software
E86,C86,Policy Vendor 86,Insurance policy software
E87,C87,Policy Vendor 87,Insurance policy software
E88,C88,Policy Vendor 88,Insurance policy software
E89,C89,Policy Vendor 89,Insurance policy software
E90,C90,Policy Vendor 90,Insurance policy software
E91,C91,Policy Vendor 91,Insurance policy software
E92,C92,Policy Vendor 92,Insurance policy software
E93,C93,Policy Vendor 93,Insurance policy software
E94,C94,Policy Vendor 94,Insurance policy software
E95,C95,Policy Vendor 95,Insurance policy software
E96,C96,Policy Vendor 96,Insurance policy software
E97,C97,Policy Vendor 97,Insurance policy software
E98,C98,Policy Vendor 98,Insurance policy software
E99,C99,Policy Vendor 99,Insurance policy software
E100,C100,Policy Vendor 100,Insurance policy software
E101,C101,Policy Vendor 101,Insurance policy software
E102,C102,Policy Vendor 102,Insurance policy software
E103,C103,Policy Vendor 103,Insurance policy software
E104,C104,Policy Vendor 104,Insurance policy software
E105,C105,Policy Vendor 105,Insurance policy software
E106,C106,Policy Vendor 106,Insurance policy software
E107,C107,Policy Vendor 107,Insurance policy software
E108,C108,Policy Vendor 108,Insurance policy software
E109,C109,Policy Vendor 109,Insurance policy software
E110,C110,Policy Vendor 110,Insurance policy software
E111,C111,Policy Vendor 111,Insurance policy software
E112,C112,Policy Vendor 112,Insurance policy software
E113,C113,Policy Vendor 113,Insurance policy software
E114,C114,Policy Vendor 114,Insurance policy software
E115,C115,Policy Vendor 115,Insurance policy software
E116,C116,Policy Vendor 116,Insurance policy software
E117,C117,Policy Vendor 117,Insurance policy software
E118,C118,Policy Vendor 118,Insurance policy software
E119,C119,Policy Vendor 119,Insurance policy software
E120,C120,Policy Vendor 120,Insurance policy software
E121,C121,Policy Vendor 121,Insurance policy software
E122,C122,Policy Vendor 122,Insurance policy software
E123,C123,Policy Vendor 123,Insurance policy software
E124,C124,Policy Vendor 124,Insurance policy software
E125,C125,Policy Vendor 125,Insurance policy software
E126,C126,Policy Vendor 126,Insurance policy software
E127,C127,Policy Vendor 127,Insurance policy software
E128,C128,Policy Vendor 128,Insurance policy software
E129,C129,Policy Vendor 129,Insurance policy software
E130,C130,Policy Vendor 130,Insurance policy software
E131,C131,Policy Vendor 131,Insurance policy software
E132,C132,Policy Vendor 132,Insurance policy software
E133,C133,Policy Vendor 133,Insurance policy software
E134,C134,Policy Vendor 134,Insurance policy software
E135,C135,Policy Vendor 135,Insurance policy software
E136,C136,Policy Vendor 136,Insurance policy software
E137,C137,Policy Vendor 137,Insurance policy software
E138,C138,Policy Vendor 138,Insurance policy software
E139,C139,Policy Vendor 139,Insurance policy software
E140,C140,Policy Vendor 140,Insurance policy software
E141,C141,Policy Vendor 141,Insurance policy software
E142,C142,Policy Vendor 142,Insurance policy software
E143,C143,Policy Vendor 143,Insurance policy software
E144,C144,Policy Vendor 144,Insurance policy software
E145,C145,Policy Vendor 145,Insurance policy software
E146,C146,Policy Vendor 146,Insurance policy software
E147,C147,Policy Vendor 147,Insurance policy software
E148,C148,Policy Vendor 148,Insurance policy software
E149,C149,Policy Vendor 149,Insurance policy software
